1 heba 111 heba_gharieb heba@gmail.com
2 johan 212 johan_gogo johan231@gmail.com
3 eren 232 eren_yeagar eren234@gmail.com
4 mikasa_akraman 999 mikasa mikasa@gmail.com
5 ahmed_gharieb 123 ahmed ahmed@gmail.com
6 naruto_uzumaki 789 naruto naruto@gmail.com
7 kamal_abduallah 567 kamal kamal@gmail.com
8 farid_mohamed 777 farid farid@gmail.com
9 dalia_khaled 897 dalia dalia@gmail.com
10 jehad_jamal 676 jehad jehad@gmail.com

